0;Whistle;Wild Ones;Flo Rida;2012-06-22;3:44
1;I'm an Albatraoz;I'm an Albatraoz;AronChupa, Little Sis Nora;2014-08-08;2:46
2;La Notte Dei Desideri;Ora (New Deluxe Version);Jovanotti;2011-11-29;3:27
3;Celebrate (From the Original Motion Picture "Penguins of Madagascar");Globalization;Pitbull;2014-11-21;3:12
4;The Monster;The Marshall Mathers LP2;Eminem, Rihanna;2013-11-05;4:10
5;It's a Long Way to the Top (If You Wanna Rock 'N' Roll);High Voltage;AC/DC;1976-05-14;5:1
6;Believer;Evolve;Imagine Dragons;2017-06-23;3:24
7;Bones;Bones;Imagine Dragons;2022-03-11;2:45
8;Enemy (with JID) - from the series Arcane League of Legends;Enemy (with JID) [from the series Arcane League of Legends];Imagine Dragons, JID, Arcane, League of Legends;2021-10-28;2:53
9;El Mismo Sol;Eterno Agosto;Alvaro Soler;2016-07-15;2:59
10;Last Friday Night (T.G.I.F.);Teenage Dream: The Complete Confection;Katy Perry;2012-03-12;3:50
11;lady;sangiovanni;sangiovanni;2021-05-13;2:36
12;Poker Face;The Fame;Lady Gaga;2008-01-01;3:57
13;Rap God;The Marshall Mathers LP2 (Deluxe);Eminem;2013-11-05;6:3
14;Brucia la terra - From "The Godfather";Cinema (Deluxe Edition);Andrea Bocelli;2015-10-23;4:16
15;Diavolo In Me;Oro Incenso & Birra - Zucchero Sugar Fornaciari;Zucchero;1989-01-01;4:3
16;X Colpa Di Chi?;SpiritoDiVino;Zucchero;1995-01-01;3:58
17;Eh...Già;Vivere O Niente;Vasco Rossi;2011-01-01;3:44
18;Come Nelle Favole;VASCONONSTOP;Vasco Rossi;2016-11-11;4:13
19;Ti dedico il silenzio;Peter Pan;Ultimo;2018-02-09;3:54
20;Rondini Al Guinzaglio;Colpa Delle Favole;Ultimo;2019-04-05;4:0
21;Sexy And I Know It;Sorry For Party Rocking;LMFAO;2011-01-01;3:19
22;Party Rock Anthem;Sorry For Party Rocking;LMFAO, Lauren Bennett, GoonRock;2011-01-01;4:22
23;La Danza Delle Streghe - Corto Mix;Dottor Jekyll & Mister Dj;Gabry Ponte;2004-01-01;4:51
24;Figli di pitagora;Little tony non finisce qui (Sanremo 2008);Little Tony;2012-03-30;3:43
25;La La La;Hotel Cabana (Deluxe Version);Naughty Boy, Sam Smith;2013-01-01;3:42
26;Thunderstruck;The Razors Edge;AC/DC;1990-09-24;4:52
27;You Spin Me Round (Like a Record);Evolution: The Hits;Dead Or Alive;1983;3:15
28;Che Ne Sanno I 2000;Che Ne Sanno I 2000 (feat. Danti);Gabry Ponte, Danti;2016-07-01;3:54
29;Maracanã;Mercurio - 5 Stars Edition;Emis Killa;2014-06-10;3:35
30;Can't Hold Us (feat. Ray Dalton);The Heist;Macklemore & Ryan Lewis, Macklemore, Ryan Lewis, Ray Dalton;2012-10-09;4:18
31;Timber (feat. Ke$ha);Global Warming: Meltdown (Deluxe Version);Pitbull, Kesha;2012;3:24
32;What the Fox Say;What the Fox Say;Brothers Norge;2013-10-01;3:33
33;Sexy and I Know It;Party Dance Now: Best EDM Songs & Electronic Music Hits of the Year;Becksy;2015-01-20;3:23
34;Wake Me Up;True;Avicii;2013-01-01;4:7
35;Hanno ucciso l'Uomo Ragno;Hanno Ucciso L'uomo Ragno;883;1992;4:11
36;Gangnam Style (강남스타일);Gangnam Style (강남스타일);PSY;2012-01-01;3:39
37;Tranne Te;Controcultura;Fabri Fibra;2010-01-01;3:59
38;Voglio Tornare Negli Anni 90 - Radio Edit;Voglio Tornare Negli Anni 90;DJ Matrix, Vise, Paps'n'Skar;2013-02-08;3:37
39;Waka Waka (This Time for Africa) [The Official 2010 FIFA World Cup (TM) Song] (feat. Freshlyground);Waka Waka (This Time for Africa) [The Official 2010 FIFA World Cup (TM) Song] (feat. Freshlyground);Shakira, Freshlyground;2010-05-07;3:22
40;Hey Brother;True;Avicii;2013-01-01;4:15
41;I Gotta Feeling;THE E.N.D. (THE ENERGY NEVER DIES) [Deluxe Version];Black Eyed Peas;2009-01-01;4:49
42;Vieni A Ballare In Puglia;Le Dimensioni Del Mio Caos;Caparezza;2008-01-01;4:0
43;Pettinero;Entro in pass;Il Pagante;2016-09-16;4:19
44;A cena dai tuoi (feat. J-Ax);Mercurio;Emis Killa, J-AX;2013-10-22;3:37
45;Belong - Axwell & Years Remode Edit;Belong;Axwell, Shapov, Years;2016-08-05;3:37
46;Collide - Radio Edit;Collide;Laidback Luke, Project 46;2014-03-28;3:20
47;Are You With Me;Armada - Amsterdam Dance Event 2014;Lost Frequencies;2014-10-03;2:18
48;Calling (Lose My Mind);Until Now;Sebastian Ingrosso, Alesso, Ryan Tedder;2012-01-01;6:13
49;Live Forever;Live Forever;Third Party;2016-12-05;4:1
50;Good Things Fall Apart (with Jon Bellion);ASCEND;ILLENIUM, Jon Bellion;2019-08-16;3:36
51;Wild - MEDUZA Remix;Wild (MEDUZA Remix);John Legend, MEDUZA;2020-09-18;3:5
52;The Spark - Tiësto vs twoloud Remix;The Spark (Remixes);Afrojack, Spree Wilson;2013-01-01;4:36
53;Alone, Pt. II - RetroVision Remix;Alone, Pt. II (Remixes);Alan Walker, Ava Max, RetroVision;2020-02-28;3:50
54;All I Need;Greatest Hits Vol. 1;AREA21;2021-11-12;3:6
55;Something Just Like This - ARMNHMR Remix;Something Just Like This (Remixes);The Chainsmokers, Coldplay, ARMNHMR;2017-04-28;3:44
56;One More Smile;One More Smile;Blasterjaxx, Shiah Maisel;2020-09-04;3:24
57;Summer;Motion;Calvin Harris;2014-10-31;3:42
58;Don't Let Me Down (feat. Daya) - Illenium Remix;Don't Let Me Down (Remixes) (feat. Daya);The Chainsmokers, Daya, ILLENIUM;2016-05-27;3:38
59;One More Time;Discovery;Daft Punk;2001-03-12;5:20
60;Impossible (feat. John Martin);Impossible (feat. John Martin);David Guetta, MORTEN, John Martin;2021-06-04;3:8
61;Titanium (feat. Sia);Nothing but the Beat (Ultimate Edition);David Guetta, Sia;2012-12-07;4:5
62;Take Her Place (feat. A R I Z O N A);Take Her Place (feat. A R I Z O N A);Don Diablo, A R I Z O N A;2017-10-27;3:29
63;People Say;People Say;Don Diablo, Paije;2018-01-19;3:8
64;Beautiful Feeling;FORΞVΞR;Don Diablo;2021-09-10;3:13
65;Believe;FUTURE (Deluxe Edition);Don Diablo, Ansel Elgort;2018-02-09;3:37
66;Killer;FUTURE (Deluxe Edition);Don Diablo, Dave Thomas Junior;2018-02-09;4:7
67;Steal The Moon;Steal The Moon;DubVision;2018-07-13;3:15
68;Yesterday;Yesterday;DubVision, Raiden;2018-11-23;3:12
69;Warp Speed;Warp Speed;Dyro, Julian Calor;2020-03-27;3:22
70;Pjanoo - Radio Edit;Pjanoo;Eric Prydz;2008-08-29;2:37
71;NOPUS;NOPUS;Eric Prydz;2020-10-23;3:20
72;The Man In The Moon - Album Mix;Gabry Ponte;Gabry Ponte;2009-05-18;5:17
73;In the Town;In the Town;Gabry Ponte, Sergio Sylvestre;2017-10-20;3:17
74;The City Is Mine - Radio Edit;The City Is Mine;Garmiani, Salvatore Ganacci;2013-01-28;3:9
75;Heart On My Sleeve;Heart On My Sleeve;GATTÜSO, Laidback Luke, Sarah Reeves;2020-06-26;3:29
76;Badam - Chocolate Puma Remix;Badam (Chocolate Puma Remix);Hardwell, Henry Fong, Mr. Vegas, Chocolate Puma;2020-11-06;2:39
77;Mad World - Radio Edit;Mad World;Hardwell, Jake Reese;2015-10-16;3:30
78;Colors;United We Are;Hardwell, Tiësto, Andreas Moe;2015-01-23;4:0
79;What We Need;What We Need;Hardwell, Haris;2017-08-23;3:13
80;Story Of My Life (feat. Trippie Redd);Story Of My Life (feat. Trippie Redd);ILLENIUM, Sueco, Trippie Redd;2021-12-03;3:11
81;Fragments;Fallen Embers;ILLENIUM, Natalie Taylor;2021-07-16;3:30
82;Losing Patience;Fallen Embers;ILLENIUM, nothing,nowhere.;2021-07-16;3:51
83;Good Things Fall Apart (with Jon Bellion) [Travis Barker Remix];ASCEND (Remixes);ILLENIUM, Jon Bellion, Travis Barker;2020-05-15;3:29
84;Gorgeous (& Blanke with Bipolar Sunshine);ASCEND;ILLENIUM, Blanke, Bipolar Sunshine;2019-08-16;4:37
85;In My Mind (feat. Georgi Kay) - Axwell Radio Edit;In My Mind (feat. Georgi Kay);Ivan Gough, Feenixpawl, Georgi Kay, Axwell;2012-05-22;3:5
86;Rock The Party;Rock The Party;Jauz, Ephwurd;2015-07-31;3:55
87;Wild Mind (feat. Tiffany Blom);Wild Mind (feat. Tiffany Blom);Jay Hardway, Tiffany Blom;2019-11-01;3:17
88;Reload - Radio Edit;Reload (Vocal Version / Radio Edit);Sebastian Ingrosso, Tommy Trash, John Martin;2013-01-01;3:41
89;Cry;Gravity (Deluxe);Gryffin, John Martin;2020-12-10;3:38
90;Wherever You Go (feat. John Martin);Wherever You Go (feat. John Martin);Alok, John Martin;2021-11-05;3:20
91;Oh Lord;Oh Lord;Julian Jordan, Daijo;2020-01-31;2:51
92;Less Is More;Less Is More;KAAZE;2019-12-04;2:42
93;Better Than This;Better Than This;KAAZE, Chad Kowal;2019-01-11;2:43
94;Coming Back To You;Coming Back To You;Brennan Heart, Jonathan Mendelsohn;2018-04-12;3:50
95;Lucky Holler;Lucky Holler;Klaus;2020-09-23;6:27
96;Midnight Lion Walk;Harmonica Andromeda;KSHMR;2021-03-19;4:8
97;House Of Cards (feat. Sidnie Tipton);House Of Cards (feat. Sidnie Tipton);KSHMR, Sidnie Tipton;2018-02-16;3:8
98;Neverland;Neverland;KSHMR, 7 Skies;2018-08-03;3:9
99;No Regrets (feat. Krewella) - KAAZE Remix;No Regrets (feat. Krewella) [KAAZE Remix];KSHMR, Yves V, Krewella, KAAZE;2019-06-19;3:27
100;We Go Up - Da Tweekaz Remix;We Go Up (Remixes);LNY TNZ, Da Tweekaz;2018-08-10;3:38
101;So Easy;So Easy;Da Tweekaz, LNY TNZ;2021-04-22;3:12
102;Where Are You Now;Where Are You Now;Lost Frequencies, Calum Scott;2021-07-30;2:28
103;PYDNA;The Lost DNA Vol. 1;Maddix;2021-09-24;4:22
104;Virus (How About Now) - Radio Edit;Virus (How About Now) [Radio Edit];Martin Garrix, MOTi;2014-10-27;3:19
105;Sun Is Never Going Down (feat. Dawn Golden);Sun Is Never Going Down (feat. Dawn Golden);Martin Garrix, Dawn Golden;2016-10-16;3:24
106;So Far Away (feat. Jamie Scott & Romy Dya);So Far Away (feat. Jamie Scott & Romy Dya);Martin Garrix, David Guetta, Jamie Scott, Romy Dya;2017-12-01;3:3
107;Kylie;Kylie;Mike Williams, Dastic;2019-07-26;2:38
108;Jetlag;Jetlag;Mike Williams, Brooks;2017-09-04;2:22
109;To Be Alright;To Be Alright;RetroVision;2021-03-26;2:57
110;I Could Be The One (Avicii Vs. Nicky Romero) - Radio Edit;I Could Be The One [Avicii vs Nicky Romero];Avicii, Nicky Romero;2012-12-29;3:28
111;Legacy - Vicetone Remix;Legacy (Remixes);Nicky Romero, Krewella, Vicetone;2013-11-19;5:37
112;Toulouse (2020 Edit);Toulouse (2020 Edit);Nicky Romero;2020-08-21;3:12
113;Starlight;Starlight;Frequencerz, Phuture Noize;2019-08-30;2:55
114;All About U;All About U;RetroVision;2021-02-05;2:51
115;Don't Give Up;Don't Give Up;RetroVision, Guy Arthur;2021-08-05;2:49
116;Imagine;Imagine;Salvatore Ganacci;2017-12-15;3:2
117;Some People - Shapov vs. Beverley Pills;Four Corners;Shapov, Beverley Pills;2017-02-10;3:15
118;Breakn' a Sweat;Bangarang EP;Skrillex, The Doors, Ray Manzarek, Robby Krieger;2011-12-27;5:1
119;Supersonic (My Existence) [with Noisia, josh pan & Dylan Brady];Supersonic (My Existence) [with Noisia, josh pan & Dylan Brady];Skrillex, Noisia, josh pan, Dylan Brady;2021-06-10;2:47
120;The Prophecy - KAAZE Remode;The Prophecy (KAAZE Remode);Timmy Trumpet, Maddix, KAAZE;2018-12-21;3:2
121;Addicted To A Memory;True Colors;Zedd, Bahari;2015-05-18;5:3
122;Spell On You;Legends Of The Elite;Da Tweekaz, Hard Driver, Coone;2022-03-25;3:59
123;Magico;A State Of Trance FOREVER;Armin van Buuren, Giuseppe Ottaviani;2021-09-03;3:23
124;If I Lose Myself - Alesso vs OneRepublic;Native;OneRepublic, Alesso;2014-01-01;3:35
125;Million Miles;The World of Six (Incl. Bonus Remixes);Mark Sixma;2020-01-24;3:22
126;Close - Brooks Remix;Close (Brooks Remix);IZECOLD, Molly Ann, Brooks;2016-11-15;3:50
127;Turn It Around - Radio Edit;Turn It Around (Radio Edit);DubVision;2014-11-24;3:10
128;Everyday Of My Life - VIP Mix;HOPE;Third Party;2017-02-24;5:29
129;Supersonic (feat. Christian Burns);Supersonic (feat. Christian Burns);Swanky Tunes, Christian Burns;2019-02-18;4:5
130;The Bass;The Bass;Chico Rose, Afrojack;2019-04-01;2:40
131;Witchcraft;Immersion;Pendulum;2010-05-21;4:12
132;Ghost Story (with All Time Low);Ghost Story (with All Time Low);Cheat Codes, All Time Low;2021-09-10;2:46
133;Hurricane (Arcando Remix);Hurricane (Arcando Remix);Cheat Codes, Grey, Tyson Ritter, Arcando;2021-12-17;3:31
134;Fuck Everyone But You (Madds Remix);Fuck Everyone But You (Madds Remix);Cheat Codes, Madds;2021-12-10;2:24
135;black and white;black and white / MY FAULT;San Holo;2021-04-14;4:1
136;Anywhere For You - Tiësto VS. Dzeko & Torres Remix;Anywhere For You;John Martin, Tiësto;2014-01-01;5:47
137;A Little Bit;A Little Bit;Manse, Meikle, Max Adrian, Elle Vee;2020-08-12;2:53
138;Transcendence;Transcendence;Headhunterz, JDX;2020-12-17;4:6
139;A New World;A New World;Phuture Noize;2020-12-10;3:57
140;Colours Of The Night - Bass Modulators Remix;The Art Of Remixes EP 2021 Part II;Wildstylez, Michael Jo, Bass Modulators;2021-11-04;3:57
141;Bed Of Roses (feat. Stanaj) - DISTO Remix;Bed Of Roses (feat. Stanaj) [DISTO Remix];Afrojack, Stanaj, DISTO;2018-04-27;3:8
142;Poison Lips;DREAMCHILD;KAAZE, Jonathan Mendelsohn;2019-10-04;3:14
143;Channel 42;> Album Title Goes Here <;deadmau5, Wolfgang Gartner;2012-01-01;4:51
144;Leave It All;Leave It All;ARMNHMR, Luma;2018-08-10;5:20
145;Take Me Away - Radio Edit;Take Me Away (Radio Edit);Third Party;2020-03-27;3:54
146;5 Seconds Before Sunrise;5 Seconds Before Sunrise;VER:WEST, Tiësto;2020-07-17;4:35
147;The Business, Pt. II;The Business, Pt. II;Tiësto, Ty Dolla $ign;2021-01-21;2:44
148;Without You;Without You;Brooks, Julian Jordan;2020-05-01;3:10
149;This Groove;This Groove;Oliver Heldens, Lenno;2019-01-25;3:8
150;Set Me Free (feat. MAX);Set Me Free (feat. MAX);Oliver Heldens, Party Pupils, MAX;2020-11-06;3:13
151;Coast Is Clear;Recess;Skrillex;2014-03-14;4:3
152;All Is Fair in Love and Brostep;Recess;Skrillex;2014-03-14;4:9
153;Love Don't Let Me Go;Just a Little More Love;David Guetta;2002-05-20;3:36
154;Human;Human;Swanky Tunes;2020-11-13;3:0
155;maniac.;ctrl. (electronic heartbreak);Phuture Noize;2021-06-24;3:2
156;Ocean (feat. Khalid) - Todd Helder Remix;Ocean (feat. Khalid) [Remixes Vol. 1];Martin Garrix, Khalid, Todd Helder;2018-07-20;2:20
157;Breaking Me - Mike Williams Remix;Breaking Me (Remixes);Topic, A7S, Mike Williams;2020-04-17;3:6
158;Paradise;Club Life, Vol. 3 - Stockholm;Tiësto, Dyro;2013-06-11;5:14
159;Long Time;Long Time;Brooks, Mesto;2020-07-24;2:55
160;Wonder;This Is TNT;TNT, Darren Styles;2021-02-25;3:42
161;Don't Let Me Down (feat. Daya) - Hardwell & Sephyx Remix;Don't Let Me Down (feat. Daya) [Hardwell & Sephyx Remix];The Chainsmokers, Daya, Hardwell, Sephyx;2016-05-20;2:42
162;The Same Way;The Same Way;Don Diablo, KiFi;2019-07-25;3:4
163;Mr. Brightside;Mr. Brightside;Don Diablo;2020-08-21;3:46
164;Temperature;Temperature;KAAZE, Nino Lucarelli;2021-01-29;3:0
165;Too Much To Ask - Don Diablo VIP Mix;Too Much To Ask (Don Diablo VIP Mix);Don Diablo, Ty Dolla $ign;2021-07-02;3:10
166;Invincible;Invincible;Don Diablo;2020-10-02;3:25
167;Locked Out Of Heaven;Locked Out Of Heaven;Dash Berlin, Jonathan Mendelsohn;2019-03-15;2:39
168;Don't You Worry Child;Until Now;Swedish House Mafia, John Martin;2012-01-01;6:43
169;Sandstorm;Before the Storm, Special Edition;Darude;2001-01-01;3:45
170;Don’t Go Mad (feat. Seinabo Sey);Paradise Again;Swedish House Mafia, Seinabo Sey;2022-04-15;4:24
171;Paradise Again;Paradise Again;Swedish House Mafia;2022-04-15;3:35
172;Time (feat. Mapei);Paradise Again;Swedish House Mafia, Mapei;2022-04-15;4:41
